{"version": 2, "width": 95, "height": 25, "timestamp": 1518784575, "env": {"SHELL": "/bin/zsh", "TERM": "xterm-256color"}}
[0.336145, "o", "\u001b[1m\u001b[7m%\u001b[27m\u001b[1m\u001b[0m                                                                                              \r \r"]
[0.336571, "o", "\u001b]2;\u0007"]
[0.431937, "o", "\u001b[?1h\u001b="]
[0.432383, "o", "\u001b[?2004h"]
[1.397019, "i", "e"]
[1.411851, "o", "\u001b[1m\u001b[31me\u001b[0m\u001b[39m"]
[1.625, "i", "c"]
[1.630539, "o", "\b\u001b[1m\u001b[31me\u001b[1m\u001b[31mc\u001b[0m\u001b[39m"]
[1.983895, "i", "h"]
[1.989474, "o", "\b\b\u001b[1m\u001b[31me\u001b[1m\u001b[31mc\u001b[1m\u001b[31mh\u001b[0m\u001b[39m"]
[2.07174, "i", "o"]
[2.076273, "o", "\b\b\b\u001b[0m\u001b[32me\u001b[0m\u001b[32mc\u001b[0m\u001b[32mh\u001b[32mo\u001b[39m"]
[2.65471, "i", " "]
[2.658816, "o", " "]
[2.996716, "i", "\""]
[3.003602, "o", "\u001b[33m\"\u001b[39m"]
[3.128713, "i", "\""]
[3.133562, "o", "\b\u001b[33m\"\u001b[33m\"\u001b[39m"]
[3.402133, "i", "\u001bOD"]
[3.403771, "o", "\b"]
[3.788906, "i", "t"]
[3.794471, "o", "\u001b[33mt\u001b[33m\"\u001b[39m\b"]
[3.848084, "i", "e"]
[3.85202, "o", "\u001b[33me\u001b[33m\"\u001b[39m\b"]
[4.081837, "i", "s"]
[4.087774, "o", "\u001b[33ms\u001b[33m\"\u001b[39m\b"]
[4.233809, "i", "t"]
[4.238866, "o", "\u001b[33mt\u001b[33m\"\u001b[39m\b"]
[4.378882, "i", " "]
[4.384681, "o", "\u001b[33m \u001b[33m\"\u001b[39m\b"]
[4.603842, "i", "6"]
[4.609369, "o", "\u001b[33m6\u001b[33m\"\u001b[39m\b"]
[5.038205, "i", "\u001bOC"]
[5.039705, "o", "\u001b[1C"]
[5.370044, "i", "\r"]
[5.371851, "o", "\u001b[?1l\u001b>"]
[5.376521, "o", "\u001b[?2004l\r\r\n"]
[5.378601, "o", "\u001b]2;echo \"test 6\"\u0007\u001b]1;echo\u0007"]
[5.379036, "o", "test 6\r\n\u001b[1m\u001b[7m%\u001b[27m\u001b[1m\u001b[0m                                                                                              \r \r\u001b]2;ivandemidov@scrum: ~/Projects/svg-term-demo\u0007"]
[5.379122, "o", "\u001b]1;..svg-term-demo\u0007"]
[5.485516, "o", "\u001b[?1h\u001b="]
[5.485977, "o", "\u001b[?2004h"]
[5.917576, "i", "\u0004"]
[5.918058, "o", "\u001b[?2004l\r\r\n"]
