{"version": 2, "width": 95, "height": 25, "timestamp": 1518780812, "env": {"SHELL": "/bin/zsh", "TERM": "xterm-256color"}}
[0.416115, "o", "\u001b[1m\u001b[7m%\u001b[27m\u001b[1m\u001b[0m                                                                                              \r \r"]
[0.416512, "o", "\u001b]2;ivandemidov@scrum: ~/Projects/svg-term-demo\u0007\u001b]1;..svg-term-demo\u0007"]
[0.509803, "o", "\r\u001b[0m\u001b[27m\u001b[24m\u001b[J\u001b[39m\u001b[0m\u001b[49m\u001b[40m\u001b[39m ivandemidov@scrum \u001b[44m\u001b[30m\u001b[30m ~/Projects/svg-term-demo \u001b[43m\u001b[34m\u001b[30m  master ● \u001b[49m\u001b[33m\u001b[39m \u001b[K"]
[0.510004, "o", "\u001b[?1h\u001b="]
[0.510468, "o", "\u001b[?2004h"]
[2.173337, "o", "\u001b[1m\u001b[31me\u001b[0m\u001b[39m"]
[2.43661, "o", "\b\u001b[1m\u001b[31me\u001b[1m\u001b[31mc\u001b[0m\u001b[39m"]
[2.721231, "o", "\b\b\u001b[1m\u001b[31me\u001b[1m\u001b[31mc\u001b[1m\u001b[31mh\u001b[0m\u001b[39m"]
[2.836782, "o", "\b\b\b\u001b[0m\u001b[32me\u001b[0m\u001b[32mc\u001b[0m\u001b[32mh\u001b[32mo\u001b[39m"]
[3.046917, "o", " "]
[3.532433, "o", "\u001b[33m\"\u001b[39m"]
[3.682782, "o", "\b\u001b[33m\"\u001b[33m\"\u001b[39m"]
[3.901574, "o", "\b"]
[4.284259, "o", "\u001b[33mt\u001b[33m\"\u001b[39m\b"]
[4.399981, "o", "\u001b[33me\u001b[33m\"\u001b[39m\b"]
[4.625718, "o", "\u001b[33ms\u001b[33m\"\u001b[39m\b"]
[4.788753, "o", "\u001b[33mt\u001b[33m\"\u001b[39m\b"]
[5.138802, "o", "\u001b[33m \u001b[33m\"\u001b[39m\b"]
[5.322476, "o", "\u001b[33m1\u001b[33m\"\u001b[39m\b"]
[5.51429, "o", "\u001b[33m2\u001b[33m\"\u001b[39m\b"]
[5.726996, "o", "\u001b[33m3\u001b[33m\"\u001b[39m\b"]
[6.880289, "o", "\u001b[1C"]
[7.261547, "o", "\u001b[?1l\u001b>"]
[7.266967, "o", "\u001b[?2004l\r\r\n"]
[7.269082, "o", "\u001b]2;echo \"test 123\"\u0007\u001b]1;echo\u0007"]
[7.26938, "o", "test 123\r\n\u001b[1m\u001b[7m%\u001b[27m\u001b[1m\u001b[0m                                                                                              \r \r"]
[7.269467, "o", "\u001b]2;ivandemidov@scrum: ~/Projects/svg-term-demo\u0007\u001b]1;..svg-term-demo\u0007"]
[7.369037, "o", "\r\u001b[0m\u001b[27m\u001b[24m\u001b[J\u001b[39m\u001b[0m\u001b[49m\u001b[40m\u001b[39m ivandemidov@scrum \u001b[44m\u001b[30m\u001b[30m ~/Projects/svg-term-demo \u001b[43m\u001b[34m\u001b[30m  master ● \u001b[49m\u001b[33m\u001b[39m \u001b[K"]
[7.369229, "o", "\u001b[?1h\u001b="]
[7.369626, "o", "\u001b[?2004h"]
[9.721107, "o", "\u001b[?2004l\r\r\n"]
